mean_fit_time,std_fit_time,mean_score_time,std_score_time,param_batch_size,param_epochs,param_model__dropout_rate1,param_model__dropout_rate2,param_model__dropout_rate3,param_model__kernel_regularizer_type,param_model__learning_rate,param_model__optimizer_name,param_model__kernel_regularizer_strength,params,split0_test_score,split1_test_score,split2_test_score,mean_test_score,std_test_score,rank_test_score
113.79161723454793,4.226480803108157,0.15795000394185385,0.006906545987157108,4,200,0.1,0.1,0.1,,0.001,adam,,"{'batch_size': 4, 'epochs': 200, 'model__dropout_rate1': 0.1, 'model__dropout_rate2': 0.1, 'model__dropout_rate3': 0.1, 'model__kernel_regularizer_type': None, 'model__learning_rate': 0.001, 'model__optimizer_name': 'adam'}",0.8714285714285714,0.8857142857142857,0.9285714285714286,0.8952380952380953,0.0242810453028228,28
76.87069328625996,7.606007295158935,0.15963101387023926,0.004609894657411875,4,200,0.1,0.1,0.1,,0.005,adam,,"{'batch_size': 4, 'epochs': 200, 'model__dropout_rate1': 0.1, 'model__dropout_rate2': 0.1, 'model__dropout_rate3': 0.1, 'model__kernel_regularizer_type': None, 'model__learning_rate': 0.005, 'model__optimizer_name': 'adam'}",0.8714285714285714,0.8571428571428571,0.9428571428571428,0.8904761904761905,0.03749527559053244,32
129.28201587994894,4.934464820548571,0.15477792421976724,0.005561948926194806,4,250,0.1,0.1,0.1,,0.001,adam,,"{'batch_size': 4, 'epochs': 250, 'model__dropout_rate1': 0.1, 'model__dropout_rate2': 0.1, 'model__dropout_rate3': 0.1, 'model__kernel_regularizer_type': None, 'model__learning_rate': 0.001, 'model__optimizer_name': 'adam'}",0.8714285714285714,0.9,0.8857142857142857,0.8857142857142857,0.01166423687039609,35
67.689075867335,22.681882682722737,0.1593154271443685,0.006634007596527898,4,250,0.1,0.1,0.1,,0.005,adam,,"{'batch_size': 4, 'epochs': 250, 'model__dropout_rate1': 0.1, 'model__dropout_rate2': 0.1, 'model__dropout_rate3': 0.1, 'model__kernel_regularizer_type': None, 'model__learning_rate': 0.005, 'model__optimizer_name': 'adam'}",0.8428571428571429,0.9142857142857143,0.9428571428571428,0.9,0.04205600412537069,26
69.41436036427815,1.3683341310781112,0.14299988746643066,0.001441632711190984,8,200,0.1,0.1,0.1,,0.001,adam,,"{'batch_size': 8, 'epochs': 200, 'model__dropout_rate1': 0.1, 'model__dropout_rate2': 0.1, 'model__dropout_rate3': 0.1, 'model__kernel_regularizer_type': None, 'model__learning_rate': 0.001, 'model__optimizer_name': 'adam'}",0.9142857142857143,0.8714285714285714,0.9285714285714286,0.9047619047619048,0.024281045302822785,23
46.75177764892578,5.325211884321207,0.14133858680725098,0.0012770661607905,8,200,0.1,0.1,0.1,,0.005,adam,,"{'batch_size': 8, 'epochs': 200, 'model__dropout_rate1': 0.1, 'model__dropout_rate2': 0.1, 'model__dropout_rate3': 0.1, 'model__kernel_regularizer_type': None, 'model__learning_rate': 0.005, 'model__optimizer_name': 'adam'}",0.9142857142857143,0.9571428571428572,0.9428571428571428,0.938095238095238,0.017817416127494986,3
74.8309113184611,11.579532033843899,0.14070836702982584,0.0031933799634979274,8,250,0.1,0.1,0.1,,0.001,adam,,"{'batch_size': 8, 'epochs': 250, 'model__dropout_rate1': 0.1, 'model__dropout_rate2': 0.1, 'model__dropout_rate3': 0.1, 'model__kernel_regularizer_type': None, 'model__learning_rate': 0.001, 'model__optimizer_name': 'adam'}",0.9285714285714286,0.8142857142857143,0.9428571428571428,0.8952380952380953,0.05753831415997416,28
37.63640562693278,0.6272392733760918,0.1477812131245931,0.009201595275494094,8,250,0.1,0.1,0.1,,0.005,adam,,"{'batch_size': 8, 'epochs': 250, 'model__dropout_rate1': 0.1, 'model__dropout_rate2': 0.1, 'model__dropout_rate3': 0.1, 'model__kernel_regularizer_type': None, 'model__learning_rate': 0.005, 'model__optimizer_name': 'adam'}",0.9285714285714286,0.9285714285714286,0.9571428571428572,0.9380952380952382,0.01346870059402948,2
41.38250176111857,0.417169839263545,0.132977565129598,0.000849821776254352,16,200,0.1,0.1,0.1,,0.001,adam,,"{'batch_size': 16, 'epochs': 200, 'model__dropout_rate1': 0.1, 'model__dropout_rate2': 0.1, 'model__dropout_rate3': 0.1, 'model__kernel_regularizer_type': None, 'model__learning_rate': 0.001, 'model__optimizer_name': 'adam'}",0.9428571428571428,0.9285714285714286,0.9142857142857143,0.9285714285714285,0.01166423687039609,5
17.799051364262898,8.791562825080135,0.13860519727071127,0.00715500385600229,16,200,0.1,0.1,0.1,,0.005,adam,,"{'batch_size': 16, 'epochs': 200, 'model__dropout_rate1': 0.1, 'model__dropout_rate2': 0.1, 'model__dropout_rate3': 0.1, 'model__kernel_regularizer_type': None, 'model__learning_rate': 0.005, 'model__optimizer_name': 'adam'}",0.9,0.8285714285714286,0.8142857142857143,0.8476190476190476,0.03749527559053244,49
50.796674728393555,0.8516125751797665,0.13240989049275717,0.0030807826036652005,16,250,0.1,0.1,0.1,,0.001,adam,,"{'batch_size': 16, 'epochs': 250, 'model__dropout_rate1': 0.1, 'model__dropout_rate2': 0.1, 'model__dropout_rate3': 0.1, 'model__kernel_regularizer_type': None, 'model__learning_rate': 0.001, 'model__optimizer_name': 'adam'}",0.9142857142857143,0.8857142857142857,0.9428571428571428,0.9142857142857143,0.02332847374079218,16
19.697688579559326,8.523519501679056,0.13278373082478842,0.002523116145010878,16,250,0.1,0.1,0.1,,0.005,adam,,"{'batch_size': 16, 'epochs': 250, 'model__dropout_rate1': 0.1, 'model__dropout_rate2': 0.1, 'model__dropout_rate3': 0.1, 'model__kernel_regularizer_type': None, 'model__learning_rate': 0.005, 'model__optimizer_name': 'adam'}",0.8857142857142857,0.9714285714285714,0.4714285714285714,0.7761904761904762,0.21832177878757428,62
28.55978186925252,0.34678650986576,0.13069891929626465,0.0008294023022711534,32,200,0.1,0.1,0.1,,0.001,adam,,"{'batch_size': 32, 'epochs': 200, 'model__dropout_rate1': 0.1, 'model__dropout_rate2': 0.1, 'model__dropout_rate3': 0.1, 'model__kernel_regularizer_type': None, 'model__learning_rate': 0.001, 'model__optimizer_name': 'adam'}",0.9142857142857143,0.8571428571428571,0.8142857142857143,0.8619047619047618,0.04096345365258393,44
13.55287273724874,3.9638627602778977,0.12763023376464844,0.0037797123853412335,32,200,0.1,0.1,0.1,,0.005,adam,,"{'batch_size': 32, 'epochs': 200, 'model__dropout_rate1': 0.1, 'model__dropout_rate2': 0.1, 'model__dropout_rate3': 0.1, 'model__kernel_regularizer_type': None, 'model__learning_rate': 0.005, 'model__optimizer_name': 'adam'}",0.9285714285714286,0.7,0.7,0.7761904761904761,0.10774960475223586,63
33.62701964378357,2.2643779163104454,0.12686443328857422,0.001307022103258643,32,250,0.1,0.1,0.1,,0.001,adam,,"{'batch_size': 32, 'epochs': 250, 'model__dropout_rate1': 0.1, 'model__dropout_rate2': 0.1, 'model__dropout_rate3': 0.1, 'model__kernel_regularizer_type': None, 'model__learning_rate': 0.001, 'model__optimizer_name': 'adam'}",0.9142857142857143,0.9,0.9285714285714286,0.9142857142857143,0.01166423687039609,16
15.40753428141276,4.6980693448022395,0.12856856981913248,0.002959085553244129,32,250,0.1,0.1,0.1,,0.005,adam,,"{'batch_size': 32, 'epochs': 250, 'model__dropout_rate1': 0.1, 'model__dropout_rate2': 0.1, 'model__dropout_rate3': 0.1, 'model__kernel_regularizer_type': None, 'model__learning_rate': 0.005, 'model__optimizer_name': 'adam'}",0.8571428571428571,0.8857142857142857,0.8571428571428571,0.8666666666666667,0.01346870059402948,38
21.48087739944458,0.10242497563374926,0.1271049976348877,0.0008489418391893844,64,200,0.1,0.1,0.1,,0.001,adam,,"{'batch_size': 64, 'epochs': 200, 'model__dropout_rate1': 0.1, 'model__dropout_rate2': 0.1, 'model__dropout_rate3': 0.1, 'model__kernel_regularizer_type': None, 'model__learning_rate': 0.001, 'model__optimizer_name': 'adam'}",0.8571428571428571,0.7428571428571429,0.6571428571428571,0.7523809523809524,0.08192690730516786,65
11.835480133692423,1.458705530337629,0.1232434908548991,0.0007115606210184699,64,200,0.1,0.1,0.1,,0.005,adam,,"{'batch_size': 64, 'epochs': 200, 'model__dropout_rate1': 0.1, 'model__dropout_rate2': 0.1, 'model__dropout_rate3': 0.1, 'model__kernel_regularizer_type': None, 'model__learning_rate': 0.005, 'model__optimizer_name': 'adam'}",0.8,0.7857142857142857,0.6428571428571429,0.7428571428571429,0.07095078297976827,69
24.249159733454388,2.6533836889603752,0.361908753712972,0.3321943402729385,64,250,0.1,0.1,0.1,,0.001,adam,,"{'batch_size': 64, 'epochs': 250, 'model__dropout_rate1': 0.1, 'model__dropout_rate2': 0.1, 'model__dropout_rate3': 0.1, 'model__kernel_regularizer_type': None, 'model__learning_rate': 0.001, 'model__optimizer_name': 'adam'}",0.8857142857142857,0.8428571428571429,0.7571428571428571,0.8285714285714286,0.05345224838248487,53
10.37620441118876,5.004469383370636,0.12929352124532065,0.0035829797077303817,64,250,0.1,0.1,0.1,,0.005,adam,,"{'batch_size': 64, 'epochs': 250, 'model__dropout_rate1': 0.1, 'model__dropout_rate2': 0.1, 'model__dropout_rate3': 0.1, 'model__kernel_regularizer_type': None, 'model__learning_rate': 0.005, 'model__optimizer_name': 'adam'}",0.9,0.6571428571428571,0.4857142857142857,0.6809523809523809,0.16996731711975951,78
106.67093984285991,2.811561142904907,0.1559157371520996,0.0037788360865686943,4,200,0.1,0.1,0.1,l2,0.001,adam,0.0001,"{'batch_size': 4, 'epochs': 200, 'model__dropout_rate1': 0.1, 'model__dropout_rate2': 0.1, 'model__dropout_rate3': 0.1, 'model__kernel_regularizer_strength': 0.0001, 'model__kernel_regularizer_type': 'l2', 'model__learning_rate': 0.001, 'model__optimizer_name': 'adam'}",0.9142857142857143,0.9428571428571428,0.9142857142857143,0.9238095238095237,0.01346870059402948,9
61.69711685180664,17.087195773793805,0.15575726826985678,0.0023561309400196287,4,200,0.1,0.1,0.1,l2,0.005,adam,0.0001,"{'batch_size': 4, 'epochs': 200, 'model__dropout_rate1': 0.1, 'model__dropout_rate2': 0.1, 'model__dropout_rate3': 0.1, 'model__kernel_regularizer_strength': 0.0001, 'model__kernel_regularizer_type': 'l2', 'model__learning_rate': 0.005, 'model__optimizer_name': 'adam'}",0.8428571428571429,0.8857142857142857,0.9285714285714286,0.8857142857142858,0.03499271061118827,34
110.88912638028462,3.6836763506678065,0.16207011540730795,0.0038713222408139282,4,200,0.1,0.1,0.1,l2,0.001,adam,0.001,"{'batch_size': 4, 'epochs': 200, 'model__dropout_rate1': 0.1, 'model__dropout_rate2': 0.1, 'model__dropout_rate3': 0.1, 'model__kernel_regularizer_strength': 0.001, 'model__kernel_regularizer_type': 'l2', 'model__learning_rate': 0.001, 'model__optimizer_name': 'adam'}",0.8428571428571429,0.8571428571428571,0.8857142857142857,0.8619047619047618,0.017817416127494944,44
40.49359655380249,9.05222200010705,0.15906802813212076,0.0036794132915683756,4,200,0.1,0.1,0.1,l2,0.005,adam,0.001,"{'batch_size': 4, 'epochs': 200, 'model__dropout_rate1': 0.1, 'model__dropout_rate2': 0.1, 'model__dropout_rate3': 0.1, 'model__kernel_regularizer_strength': 0.001, 'model__kernel_regularizer_type': 'l2', 'model__learning_rate': 0.005, 'model__optimizer_name': 'adam'}",0.8,0.9,0.8285714285714286,0.842857142857143,0.04205600412537069,50
110.49968099594116,4.159003345763669,0.15788841247558594,0.0019327248553164412,4,200,0.1,0.1,0.1,l2,0.001,adam,0.01,"{'batch_size': 4, 'epochs': 200, 'model__dropout_rate1': 0.1, 'model__dropout_rate2': 0.1, 'model__dropout_rate3': 0.1, 'model__kernel_regularizer_strength': 0.01, 'model__kernel_regularizer_type': 'l2', 'model__learning_rate': 0.001, 'model__optimizer_name': 'adam'}",0.7857142857142857,0.9,0.9142857142857143,0.8666666666666667,0.05753831415997416,38
55.64515733718872,16.956927972277093,0.1681217352549235,0.0118385583369004,4,200,0.1,0.1,0.1,l2,0.005,adam,0.01,"{'batch_size': 4, 'epochs': 200, 'model__dropout_rate1': 0.1, 'model__dropout_rate2': 0.1, 'model__dropout_rate3': 0.1, 'model__kernel_regularizer_strength': 0.01, 'model__kernel_regularizer_type': 'l2', 'model__learning_rate': 0.005, 'model__optimizer_name': 'adam'}",0.8,0.8571428571428571,0.7571428571428571,0.8047619047619047,0.04096345365258393,58
123.08794506390889,14.548822555509066,0.16044068336486816,0.006005695586062756,4,250,0.1,0.1,0.1,l2,0.001,adam,0.0001,"{'batch_size': 4, 'epochs': 250, 'model__dropout_rate1': 0.1, 'model__dropout_rate2': 0.1, 'model__dropout_rate3': 0.1, 'model__kernel_regularizer_strength': 0.0001, 'model__kernel_regularizer_type': 'l2', 'model__learning_rate': 0.001, 'model__optimizer_name': 'adam'}",0.8571428571428571,0.8428571428571429,0.9,0.8666666666666667,0.0242810453028228,38
52.468584855397545,3.43720050843052,0.16359480222066244,0.004067938302962941,4,250,0.1,0.1,0.1,l2,0.005,adam,0.0001,"{'batch_size': 4, 'epochs': 250, 'model__dropout_rate1': 0.1, 'model__dropout_rate2': 0.1, 'model__dropout_rate3': 0.1, 'model__kernel_regularizer_strength': 0.0001, 'model__kernel_regularizer_type': 'l2', 'model__learning_rate': 0.005, 'model__optimizer_name': 'adam'}",0.8,0.8857142857142857,0.8857142857142857,0.8571428571428571,0.040406101782088394,46
104.50400193532307,7.119013829936372,0.15927847226460776,0.003994748086892253,4,250,0.1,0.1,0.1,l2,0.001,adam,0.001,"{'batch_size': 4, 'epochs': 250, 'model__dropout_rate1': 0.1, 'model__dropout_rate2': 0.1, 'model__dropout_rate3': 0.1, 'model__kernel_regularizer_strength': 0.001, 'model__kernel_regularizer_type': 'l2', 'model__learning_rate': 0.001, 'model__optimizer_name': 'adam'}",0.8714285714285714,0.8857142857142857,0.8714285714285714,0.8761904761904762,0.006734350297014714,37
71.7379789352417,8.141585229303528,0.15964659055074057,0.0012423217510111498,4,250,0.1,0.1,0.1,l2,0.005,adam,0.001,"{'batch_size': 4, 'epochs': 250, 'model__dropout_rate1': 0.1, 'model__dropout_rate2': 0.1, 'model__dropout_rate3': 0.1, 'model__kernel_regularizer_strength': 0.001, 'model__kernel_regularizer_type': 'l2', 'model__learning_rate': 0.005, 'model__optimizer_name': 'adam'}",0.7714285714285715,0.8714285714285714,0.9571428571428572,0.8666666666666667,0.07589227357385347,38
130.0970228513082,11.65890189957622,0.1551368236541748,0.001480222754803121,4,250,0.1,0.1,0.1,l2,0.001,adam,0.01,"{'batch_size': 4, 'epochs': 250, 'model__dropout_rate1': 0.1, 'model__dropout_rate2': 0.1, 'model__dropout_rate3': 0.1, 'model__kernel_regularizer_strength': 0.01, 'model__kernel_regularizer_type': 'l2', 'model__learning_rate': 0.001, 'model__optimizer_name': 'adam'}",0.8,0.8428571428571429,0.9142857142857143,0.8523809523809524,0.04714045207910314,47
44.328051249186196,7.404193958277892,0.17201598485310873,0.01697130520051195,4,250,0.1,0.1,0.1,l2,0.005,adam,0.01,"{'batch_size': 4, 'epochs': 250, 'model__dropout_rate1': 0.1, 'model__dropout_rate2': 0.1, 'model__dropout_rate3': 0.1, 'model__kernel_regularizer_strength': 0.01, 'model__kernel_regularizer_type': 'l2', 'model__learning_rate': 0.005, 'model__optimizer_name': 'adam'}",0.7142857142857143,0.9142857142857143,0.7571428571428571,0.7952380952380952,0.08597842897746565,59
74.21510275204976,0.840299012848539,0.14756647745768228,0.0029376078871090013,8,200,0.1,0.1,0.1,l2,0.001,adam,0.0001,"{'batch_size': 8, 'epochs': 200, 'model__dropout_rate1': 0.1, 'model__dropout_rate2': 0.1, 'model__dropout_rate3': 0.1, 'model__kernel_regularizer_strength': 0.0001, 'model__kernel_regularizer_type': 'l2', 'model__learning_rate': 0.001, 'model__optimizer_name': 'adam'}",0.9142857142857143,0.8571428571428571,0.9285714285714286,0.9,0.03086066999241841,26
49.75184424718221,11.518160971498068,0.14486225446065268,0.004089021320343323,8,200,0.1,0.1,0.1,l2,0.005,adam,0.0001,"{'batch_size': 8, 'epochs': 200, 'model__dropout_rate1': 0.1, 'model__dropout_rate2': 0.1, 'model__dropout_rate3': 0.1, 'model__kernel_regularizer_strength': 0.0001, 'model__kernel_regularizer_type': 'l2', 'model__learning_rate': 0.005, 'model__optimizer_name': 'adam'}",0.9,0.8571428571428571,0.9571428571428572,0.9047619047619048,0.04096345365258397,23
75.68459049860637,2.330751861176338,0.13965662320454916,0.004156949866040057,8,200,0.1,0.1,0.1,l2,0.001,adam,0.001,"{'batch_size': 8, 'epochs': 200, 'model__dropout_rate1': 0.1, 'model__dropout_rate2': 0.1, 'model__dropout_rate3': 0.1, 'model__kernel_regularizer_strength': 0.001, 'model__kernel_regularizer_type': 'l2', 'model__learning_rate': 0.001, 'model__optimizer_name': 'adam'}",0.9142857142857143,0.9142857142857143,0.9285714285714286,0.919047619047619,0.006734350297014766,14
37.251053174336754,5.051147464375495,0.14369487762451172,0.003552069682365327,8,200,0.1,0.1,0.1,l2,0.005,adam,0.001,"{'batch_size': 8, 'epochs': 200, 'model__dropout_rate1': 0.1, 'model__dropout_rate2': 0.1, 'model__dropout_rate3': 0.1, 'model__kernel_regularizer_strength': 0.001, 'model__kernel_regularizer_type': 'l2', 'model__learning_rate': 0.005, 'model__optimizer_name': 'adam'}",0.9142857142857143,0.8857142857142857,0.9142857142857143,0.9047619047619047,0.01346870059402948,25
66.72145144144694,7.9418178124145316,0.13990473747253418,0.0018028273482733463,8,200,0.1,0.1,0.1,l2,0.001,adam,0.01,"{'batch_size': 8, 'epochs': 200, 'model__dropout_rate1': 0.1, 'model__dropout_rate2': 0.1, 'model__dropout_rate3': 0.1, 'model__kernel_regularizer_strength': 0.01, 'model__kernel_regularizer_type': 'l2', 'model__learning_rate': 0.001, 'model__optimizer_name': 'adam'}",0.9285714285714286,0.9142857142857143,0.9428571428571428,0.9285714285714285,0.01166423687039609,5
43.739189783732094,9.757974028864401,0.17914597193400064,0.043868467477922675,8,200,0.1,0.1,0.1,l2,0.005,adam,0.01,"{'batch_size': 8, 'epochs': 200, 'model__dropout_rate1': 0.1, 'model__dropout_rate2': 0.1, 'model__dropout_rate3': 0.1, 'model__kernel_regularizer_strength': 0.01, 'model__kernel_regularizer_type': 'l2', 'model__learning_rate': 0.005, 'model__optimizer_name': 'adam'}",0.8714285714285714,0.9571428571428572,0.9142857142857143,0.9142857142857143,0.03499271061118827,16
89.90874767303467,2.2972749888891673,0.1526482105255127,0.004872182598576461,8,250,0.1,0.1,0.1,l2,0.001,adam,0.0001,"{'batch_size': 8, 'epochs': 250, 'model__dropout_rate1': 0.1, 'model__dropout_rate2': 0.1, 'model__dropout_rate3': 0.1, 'model__kernel_regularizer_strength': 0.0001, 'model__kernel_regularizer_type': 'l2', 'model__learning_rate': 0.001, 'model__optimizer_name': 'adam'}",0.9285714285714286,0.9428571428571428,0.9285714285714286,0.9333333333333332,0.006734350297014714,4
43.42419727643331,6.534964840932191,0.14467263221740723,0.0032400134603427916,8,250,0.1,0.1,0.1,l2,0.005,adam,0.0001,"{'batch_size': 8, 'epochs': 250, 'model__dropout_rate1': 0.1, 'model__dropout_rate2': 0.1, 'model__dropout_rate3': 0.1, 'model__kernel_regularizer_strength': 0.0001, 'model__kernel_regularizer_type': 'l2', 'model__learning_rate': 0.005, 'model__optimizer_name': 'adam'}",0.9285714285714286,0.8285714285714286,0.9285714285714286,0.8952380952380953,0.04714045207910316,28
88.92719435691833,3.124316657712308,0.14323004086812338,0.002180085584145245,8,250,0.1,0.1,0.1,l2,0.001,adam,0.001,"{'batch_size': 8, 'epochs': 250, 'model__dropout_rate1': 0.1, 'model__dropout_rate2': 0.1, 'model__dropout_rate3': 0.1, 'model__kernel_regularizer_strength': 0.001, 'model__kernel_regularizer_type': 'l2', 'model__learning_rate': 0.001, 'model__optimizer_name': 'adam'}",0.9142857142857143,0.9142857142857143,0.9428571428571428,0.9238095238095237,0.01346870059402948,9
43.70988647143046,16.740507360278386,0.1453869342803955,0.0033757331289341443,8,250,0.1,0.1,0.1,l2,0.005,adam,0.001,"{'batch_size': 8, 'epochs': 250, 'model__dropout_rate1': 0.1, 'model__dropout_rate2': 0.1, 'model__dropout_rate3': 0.1, 'model__kernel_regularizer_strength': 0.001, 'model__kernel_regularizer_type': 'l2', 'model__learning_rate': 0.005, 'model__optimizer_name': 'adam'}",0.9142857142857143,0.9428571428571428,0.9285714285714286,0.9285714285714285,0.01166423687039609,5
62.910555839538574,8.43536327840792,0.1414658228556315,0.004677919744276178,8,250,0.1,0.1,0.1,l2,0.001,adam,0.01,"{'batch_size': 8, 'epochs': 250, 'model__dropout_rate1': 0.1, 'model__dropout_rate2': 0.1, 'model__dropout_rate3': 0.1, 'model__kernel_regularizer_strength': 0.01, 'model__kernel_regularizer_type': 'l2', 'model__learning_rate': 0.001, 'model__optimizer_name': 'adam'}",0.8857142857142857,0.9428571428571428,0.9285714285714286,0.919047619047619,0.0242810453028228,14
34.3912250995636,3.242628355986161,0.15618316332499185,0.011625624640797,8,250,0.1,0.1,0.1,l2,0.005,adam,0.01,"{'batch_size': 8, 'epochs': 250, 'model__dropout_rate1': 0.1, 'model__dropout_rate2': 0.1, 'model__dropout_rate3': 0.1, 'model__kernel_regularizer_strength': 0.01, 'model__kernel_regularizer_type': 'l2', 'model__learning_rate': 0.005, 'model__optimizer_name': 'adam'}",0.9142857142857143,0.9142857142857143,0.8428571428571429,0.8904761904761904,0.033671751485073675,33
44.21250184377035,1.1247123112223163,0.15503223737080893,0.011207240333840535,16,200,0.1,0.1,0.1,l2,0.001,adam,0.0001,"{'batch_size': 16, 'epochs': 200, 'model__dropout_rate1': 0.1, 'model__dropout_rate2': 0.1, 'model__dropout_rate3': 0.1, 'model__kernel_regularizer_strength': 0.0001, 'model__kernel_regularizer_type': 'l2', 'model__learning_rate': 0.001, 'model__optimizer_name': 'adam'}",0.9285714285714286,0.8857142857142857,0.9571428571428572,0.9238095238095237,0.029354352395090398,9
13.705541610717773,1.9797767895088507,0.1375729242960612,0.0014062598317641467,16,200,0.1,0.1,0.1,l2,0.005,adam,0.0001,"{'batch_size': 16, 'epochs': 200, 'model__dropout_rate1': 0.1, 'model__dropout_rate2': 0.1, 'model__dropout_rate3': 0.1, 'model__kernel_regularizer_strength': 0.0001, 'model__kernel_regularizer_type': 'l2', 'model__learning_rate': 0.005, 'model__optimizer_name': 'adam'}",0.8142857142857143,0.8,0.6142857142857143,0.7428571428571429,0.09110060223670947,69
42.92709827423096,0.9469039287703462,0.13689335187276205,0.0023956097165949296,16,200,0.1,0.1,0.1,l2,0.001,adam,0.001,"{'batch_size': 16, 'epochs': 200, 'model__dropout_rate1': 0.1, 'model__dropout_rate2': 0.1, 'model__dropout_rate3': 0.1, 'model__kernel_regularizer_strength': 0.001, 'model__kernel_regularizer_type': 'l2', 'model__learning_rate': 0.001, 'model__optimizer_name': 'adam'}",0.9285714285714286,0.8571428571428571,0.9428571428571428,0.9095238095238095,0.03749527559053246,21
24.01836045583089,7.751817203704897,0.1312405268351237,0.0017628394831183563,16,200,0.1,0.1,0.1,l2,0.005,adam,0.001,"{'batch_size': 16, 'epochs': 200, 'model__dropout_rate1': 0.1, 'model__dropout_rate2': 0.1, 'model__dropout_rate3': 0.1, 'model__kernel_regularizer_strength': 0.001, 'model__kernel_regularizer_type': 'l2', 'model__learning_rate': 0.005, 'model__optimizer_name': 'adam'}",0.9142857142857143,0.9857142857142858,0.6571428571428571,0.8523809523809524,0.1411003084764672,47
41.734156370162964,1.735060516533893,0.13594738642374674,0.007493556452896674,16,200,0.1,0.1,0.1,l2,0.001,adam,0.01,"{'batch_size': 16, 'epochs': 200, 'model__dropout_rate1': 0.1, 'model__dropout_rate2': 0.1, 'model__dropout_rate3': 0.1, 'model__kernel_regularizer_strength': 0.01, 'model__kernel_regularizer_type': 'l2', 'model__learning_rate': 0.001, 'model__optimizer_name': 'adam'}",0.9142857142857143,0.8857142857142857,0.9285714285714286,0.9095238095238095,0.017817416127494982,21
23.648512681325276,2.5040958425825335,0.1311352252960205,0.002126627874352742,16,200,0.1,0.1,0.1,l2,0.005,adam,0.01,"{'batch_size': 16, 'epochs': 200, 'model__dropout_rate1': 0.1, 'model__dropout_rate2': 0.1, 'model__dropout_rate3': 0.1, 'model__kernel_regularizer_strength': 0.01, 'model__kernel_regularizer_type': 'l2', 'model__learning_rate': 0.005, 'model__optimizer_name': 'adam'}",0.8857142857142857,0.8571428571428571,0.9428571428571428,0.8952380952380953,0.03563483225498993,28
51.51778848965963,1.596355524704452,0.13274423281351724,0.0017417999668552086,16,250,0.1,0.1,0.1,l2,0.001,adam,0.0001,"{'batch_size': 16, 'epochs': 250, 'model__dropout_rate1': 0.1, 'model__dropout_rate2': 0.1, 'model__dropout_rate3': 0.1, 'model__kernel_regularizer_strength': 0.0001, 'model__kernel_regularizer_type': 'l2', 'model__learning_rate': 0.001, 'model__optimizer_name': 'adam'}",0.9142857142857143,0.9142857142857143,0.9428571428571428,0.9238095238095237,0.01346870059402948,9
17.633373578389484,1.8909061320697282,0.16167465845743814,0.026921896635586275,16,250,0.1,0.1,0.1,l2,0.005,adam,0.0001,"{'batch_size': 16, 'epochs': 250, 'model__dropout_rate1': 0.1, 'model__dropout_rate2': 0.1, 'model__dropout_rate3': 0.1, 'model__kernel_regularizer_strength': 0.0001, 'model__kernel_regularizer_type': 'l2', 'model__learning_rate': 0.005, 'model__optimizer_name': 'adam'}",0.8428571428571429,0.7,0.9285714285714286,0.8238095238095239,0.09428090415820638,55
42.00455848375956,10.626801591939586,0.13617682456970215,0.001887676998408675,16,250,0.1,0.1,0.1,l2,0.001,adam,0.001,"{'batch_size': 16, 'epochs': 250, 'model__dropout_rate1': 0.1, 'model__dropout_rate2': 0.1, 'model__dropout_rate3': 0.1, 'model__kernel_regularizer_strength': 0.001, 'model__kernel_regularizer_type': 'l2', 'model__learning_rate': 0.001, 'model__optimizer_name': 'adam'}",0.9142857142857143,0.9571428571428572,0.8714285714285714,0.9142857142857143,0.03499271061118827,16
16.518428325653076,5.196882590201292,0.13484533627827963,0.00146235646006483,16,250,0.1,0.1,0.1,l2,0.005,adam,0.001,"{'batch_size': 16, 'epochs': 250, 'model__dropout_rate1': 0.1, 'model__dropout_rate2': 0.1, 'model__dropout_rate3': 0.1, 'model__kernel_regularizer_strength': 0.001, 'model__kernel_regularizer_type': 'l2', 'model__learning_rate': 0.005, 'model__optimizer_name': 'adam'}",0.8714285714285714,0.5142857142857142,0.8571428571428571,0.7476190476190476,0.16509462688914014,68
51.35640827814738,1.0117083129424225,0.1387035846710205,0.004779014182619106,16,250,0.1,0.1,0.1,l2,0.001,adam,0.01,"{'batch_size': 16, 'epochs': 250, 'model__dropout_rate1': 0.1, 'model__dropout_rate2': 0.1, 'model__dropout_rate3': 0.1, 'model__kernel_regularizer_strength': 0.01, 'model__kernel_regularizer_type': 'l2', 'model__learning_rate': 0.001, 'model__optimizer_name': 'adam'}",0.9,0.9571428571428572,0.9285714285714286,0.9285714285714285,0.02332847374079218,5
22.85051687558492,0.4813145248414088,0.1333026091257731,0.002302064261554093,16,250,0.1,0.1,0.1,l2,0.005,adam,0.01,"{'batch_size': 16, 'epochs': 250, 'model__dropout_rate1': 0.1, 'model__dropout_rate2': 0.1, 'model__dropout_rate3': 0.1, 'model__kernel_regularizer_strength': 0.01, 'model__kernel_regularizer_type': 'l2', 'model__learning_rate': 0.005, 'model__optimizer_name': 'adam'}",0.8285714285714286,0.9142857142857143,0.9142857142857143,0.8857142857142857,0.040406101782088394,35
25.697833855946858,6.539753991917675,0.1306311289469401,0.002343561392259906,32,200,0.1,0.1,0.1,l2,0.001,adam,0.0001,"{'batch_size': 32, 'epochs': 200, 'model__dropout_rate1': 0.1, 'model__dropout_rate2': 0.1, 'model__dropout_rate3': 0.1, 'model__kernel_regularizer_strength': 0.0001, 'model__kernel_regularizer_type': 'l2', 'model__learning_rate': 0.001, 'model__optimizer_name': 'adam'}",0.8571428571428571,0.8571428571428571,0.8,0.8380952380952381,0.02693740118805891,51
14.140440781911215,1.4088538671523732,0.12991484006245932,0.005236873941600145,32,200,0.1,0.1,0.1,l2,0.005,adam,0.0001,"{'batch_size': 32, 'epochs': 200, 'model__dropout_rate1': 0.1, 'model__dropout_rate2': 0.1, 'model__dropout_rate3': 0.1, 'model__kernel_regularizer_strength': 0.0001, 'model__kernel_regularizer_type': 'l2', 'model__learning_rate': 0.005, 'model__optimizer_name': 'adam'}",0.8714285714285714,0.6714285714285714,0.7285714285714285,0.7571428571428571,0.08411200825074143,64
26.83588441212972,4.255611418006227,0.13611642519632974,0.00733193408370525,32,200,0.1,0.1,0.1,l2,0.001,adam,0.001,"{'batch_size': 32, 'epochs': 200, 'model__dropout_rate1': 0.1, 'model__dropout_rate2': 0.1, 'model__dropout_rate3': 0.1, 'model__kernel_regularizer_strength': 0.001, 'model__kernel_regularizer_type': 'l2', 'model__learning_rate': 0.001, 'model__optimizer_name': 'adam'}",0.9,0.7857142857142857,0.9142857142857143,0.8666666666666667,0.05753831415997416,38
23.928342580795288,1.793904095466937,0.1338177522023519,0.005053410981890851,32,200,0.1,0.1,0.1,l2,0.005,adam,0.001,"{'batch_size': 32, 'epochs': 200, 'model__dropout_rate1': 0.1, 'model__dropout_rate2': 0.1, 'model__dropout_rate3': 0.1, 'model__kernel_regularizer_strength': 0.001, 'model__kernel_regularizer_type': 'l2', 'model__learning_rate': 0.005, 'model__optimizer_name': 'adam'}",0.9285714285714286,0.9857142857142858,0.9571428571428572,0.9571428571428572,0.02332847374079218,1
30.964720726013184,0.9526905654524033,0.1429581642150879,0.001930619212216744,32,200,0.1,0.1,0.1,l2,0.001,adam,0.01,"{'batch_size': 32, 'epochs': 200, 'model__dropout_rate1': 0.1, 'model__dropout_rate2': 0.1, 'model__dropout_rate3': 0.1, 'model__kernel_regularizer_strength': 0.01, 'model__kernel_regularizer_type': 'l2', 'model__learning_rate': 0.001, 'model__optimizer_name': 'adam'}",0.9,0.8428571428571429,0.7571428571428571,0.8333333333333334,0.05870870479018075,52
24.3446946144104,0.6085595694815334,0.13915038108825684,0.0044084288218753,32,200,0.1,0.1,0.1,l2,0.005,adam,0.01,"{'batch_size': 32, 'epochs': 200, 'model__dropout_rate1': 0.1, 'model__dropout_rate2': 0.1, 'model__dropout_rate3': 0.1, 'model__kernel_regularizer_strength': 0.01, 'model__kernel_regularizer_type': 'l2', 'model__learning_rate': 0.005, 'model__optimizer_name': 'adam'}",0.9142857142857143,0.9285714285714286,0.9285714285714286,0.9238095238095237,0.006734350297014766,9
35.23293209075928,2.161975162528904,0.1379999319712321,0.0065073336072169,32,250,0.1,0.1,0.1,l2,0.001,adam,0.0001,"{'batch_size': 32, 'epochs': 250, 'model__dropout_rate1': 0.1, 'model__dropout_rate2': 0.1, 'model__dropout_rate3': 0.1, 'model__kernel_regularizer_strength': 0.0001, 'model__kernel_regularizer_type': 'l2', 'model__learning_rate': 0.001, 'model__optimizer_name': 'adam'}",0.9142857142857143,0.7428571428571429,0.9428571428571428,0.8666666666666666,0.0883201761475781,43
12.43479291598002,1.8227843438225035,0.1331791877746582,0.00411966112759612,32,250,0.1,0.1,0.1,l2,0.005,adam,0.0001,"{'batch_size': 32, 'epochs': 250, 'model__dropout_rate1': 0.1, 'model__dropout_rate2': 0.1, 'model__dropout_rate3': 0.1, 'model__kernel_regularizer_strength': 0.0001, 'model__kernel_regularizer_type': 'l2', 'model__learning_rate': 0.005, 'model__optimizer_name': 'adam'}",0.8857142857142857,0.7857142857142857,0.6857142857142857,0.7857142857142856,0.08164965809277258,61
33.234110275904335,3.5999030818489386,0.13056818644205728,0.0026370410812580234,32,250,0.1,0.1,0.1,l2,0.001,adam,0.001,"{'batch_size': 32, 'epochs': 250, 'model__dropout_rate1': 0.1, 'model__dropout_rate2': 0.1, 'model__dropout_rate3': 0.1, 'model__kernel_regularizer_strength': 0.001, 'model__kernel_regularizer_type': 'l2', 'model__learning_rate': 0.001, 'model__optimizer_name': 'adam'}",0.8714285714285714,0.8142857142857143,0.8,0.8285714285714286,0.030860669992418373,53
15.059808174769083,8.221536041469797,0.1282029946645101,0.0033030173293541014,32,250,0.1,0.1,0.1,l2,0.005,adam,0.001,"{'batch_size': 32, 'epochs': 250, 'model__dropout_rate1': 0.1, 'model__dropout_rate2': 0.1, 'model__dropout_rate3': 0.1, 'model__kernel_regularizer_strength': 0.001, 'model__kernel_regularizer_type': 'l2', 'model__learning_rate': 0.005, 'model__optimizer_name': 'adam'}",0.9,0.7285714285714285,0.5428571428571428,0.7238095238095238,0.14584183648679577,72
29.063580989837646,6.390869955829973,0.12903189659118652,0.0032871974195441615,32,250,0.1,0.1,0.1,l2,0.001,adam,0.01,"{'batch_size': 32, 'epochs': 250, 'model__dropout_rate1': 0.1, 'model__dropout_rate2': 0.1, 'model__dropout_rate3': 0.1, 'model__kernel_regularizer_strength': 0.01, 'model__kernel_regularizer_type': 'l2', 'model__learning_rate': 0.001, 'model__optimizer_name': 'adam'}",0.9142857142857143,0.5571428571428572,0.9428571428571428,0.8047619047619049,0.17548119783512645,57
20.93683958053589,0.503457423377433,0.1317936579386393,0.0029031212022903262,32,250,0.1,0.1,0.1,l2,0.005,adam,0.01,"{'batch_size': 32, 'epochs': 250, 'model__dropout_rate1': 0.1, 'model__dropout_rate2': 0.1, 'model__dropout_rate3': 0.1, 'model__kernel_regularizer_strength': 0.01, 'model__kernel_regularizer_type': 'l2', 'model__learning_rate': 0.005, 'model__optimizer_name': 'adam'}",0.9142857142857143,0.9142857142857143,0.9142857142857143,0.9142857142857143,0.0,16
21.533242225646973,0.6482563234518781,0.12657292683919272,0.0014934597310290686,64,200,0.1,0.1,0.1,l2,0.001,adam,0.0001,"{'batch_size': 64, 'epochs': 200, 'model__dropout_rate1': 0.1, 'model__dropout_rate2': 0.1, 'model__dropout_rate3': 0.1, 'model__kernel_regularizer_strength': 0.0001, 'model__kernel_regularizer_type': 'l2', 'model__learning_rate': 0.001, 'model__optimizer_name': 'adam'}",0.7142857142857143,0.6714285714285714,0.8285714285714286,0.7380952380952381,0.06632565846278157,71
12.495928843816122,2.9767610654554377,0.12608973185221353,0.0032267654838274524,64,200,0.1,0.1,0.1,l2,0.005,adam,0.0001,"{'batch_size': 64, 'epochs': 200, 'model__dropout_rate1': 0.1, 'model__dropout_rate2': 0.1, 'model__dropout_rate3': 0.1, 'model__kernel_regularizer_strength': 0.0001, 'model__kernel_regularizer_type': 'l2', 'model__learning_rate': 0.005, 'model__optimizer_name': 'adam'}",0.7571428571428571,0.7714285714285715,0.6285714285714286,0.719047619047619,0.06424160744396211,75
23.4606671333313,1.7086974651022038,0.13526376088460287,0.00769239213866179,64,200,0.1,0.1,0.1,l2,0.001,adam,0.001,"{'batch_size': 64, 'epochs': 200, 'model__dropout_rate1': 0.1, 'model__dropout_rate2': 0.1, 'model__dropout_rate3': 0.1, 'model__kernel_regularizer_strength': 0.001, 'model__kernel_regularizer_type': 'l2', 'model__learning_rate': 0.001, 'model__optimizer_name': 'adam'}",0.8571428571428571,0.6428571428571429,0.8571428571428571,0.7857142857142857,0.10101525445522103,60
16.636147658030193,4.915828056840042,0.1372834046681722,0.004749039101007208,64,200,0.1,0.1,0.1,l2,0.005,adam,0.001,"{'batch_size': 64, 'epochs': 200, 'model__dropout_rate1': 0.1, 'model__dropout_rate2': 0.1, 'model__dropout_rate3': 0.1, 'model__kernel_regularizer_strength': 0.001, 'model__kernel_regularizer_type': 'l2', 'model__learning_rate': 0.005, 'model__optimizer_name': 'adam'}",0.7,0.4857142857142857,0.9571428571428572,0.7142857142857143,0.19272482233188634,76
20.933701674143474,1.8145899927339686,0.13812502225240073,0.009643766410425691,64,200,0.1,0.1,0.1,l2,0.001,adam,0.01,"{'batch_size': 64, 'epochs': 200, 'model__dropout_rate1': 0.1, 'model__dropout_rate2': 0.1, 'model__dropout_rate3': 0.1, 'model__kernel_regularizer_strength': 0.01, 'model__kernel_regularizer_type': 'l2', 'model__learning_rate': 0.001, 'model__optimizer_name': 'adam'}",0.5714285714285714,0.5857142857142857,0.45714285714285713,0.5380952380952381,0.05753831415997416,80
18.9899955590566,3.034092954611639,0.13132929801940918,0.006277200362139871,64,200,0.1,0.1,0.1,l2,0.005,adam,0.01,"{'batch_size': 64, 'epochs': 200, 'model__dropout_rate1': 0.1, 'model__dropout_rate2': 0.1, 'model__dropout_rate3': 0.1, 'model__kernel_regularizer_strength': 0.01, 'model__kernel_regularizer_type': 'l2', 'model__learning_rate': 0.005, 'model__optimizer_name': 'adam'}",0.9285714285714286,0.9714285714285714,0.5428571428571428,0.8142857142857142,0.19272482233188634,56
19.52513813972473,10.292496197221249,0.13378755251566568,0.004421132904374028,64,250,0.1,0.1,0.1,l2,0.001,adam,0.0001,"{'batch_size': 64, 'epochs': 250, 'model__dropout_rate1': 0.1, 'model__dropout_rate2': 0.1, 'model__dropout_rate3': 0.1, 'model__kernel_regularizer_strength': 0.0001, 'model__kernel_regularizer_type': 'l2', 'model__learning_rate': 0.001, 'model__optimizer_name': 'adam'}",0.8857142857142857,0.7,0.32857142857142857,0.638095238095238,0.23162640965743445,79
12.310656865437826,2.3624751773637076,0.13093646367390951,0.00876526714957158,64,250,0.1,0.1,0.1,l2,0.005,adam,0.0001,"{'batch_size': 64, 'epochs': 250, 'model__dropout_rate1': 0.1, 'model__dropout_rate2': 0.1, 'model__dropout_rate3': 0.1, 'model__kernel_regularizer_strength': 0.0001, 'model__kernel_regularizer_type': 'l2', 'model__learning_rate': 0.005, 'model__optimizer_name': 'adam'}",0.8142857142857143,0.5428571428571428,0.8,0.7190476190476192,0.12472191289246473,73
23.68091281255086,4.790804997513908,0.12975311279296875,0.002596875615424067,64,250,0.1,0.1,0.1,l2,0.001,adam,0.001,"{'batch_size': 64, 'epochs': 250, 'model__dropout_rate1': 0.1, 'model__dropout_rate2': 0.1, 'model__dropout_rate3': 0.1, 'model__kernel_regularizer_strength': 0.001, 'model__kernel_regularizer_type': 'l2', 'model__learning_rate': 0.001, 'model__optimizer_name': 'adam'}",0.7714285714285715,0.6714285714285714,0.6428571428571429,0.6952380952380953,0.055123032870429654,77
15.91506830851237,5.740335409158645,0.12741502126057944,0.0022059490319206736,64,250,0.1,0.1,0.1,l2,0.005,adam,0.001,"{'batch_size': 64, 'epochs': 250, 'model__dropout_rate1': 0.1, 'model__dropout_rate2': 0.1, 'model__dropout_rate3': 0.1, 'model__kernel_regularizer_strength': 0.001, 'model__kernel_regularizer_type': 'l2', 'model__learning_rate': 0.005, 'model__optimizer_name': 'adam'}",0.9,0.7571428571428571,0.6,0.7523809523809524,0.12252076505017723,65
23.419310251871746,5.071632995584809,0.12488826115926106,0.0001387946112747109,64,250,0.1,0.1,0.1,l2,0.001,adam,0.01,"{'batch_size': 64, 'epochs': 250, 'model__dropout_rate1': 0.1, 'model__dropout_rate2': 0.1, 'model__dropout_rate3': 0.1, 'model__kernel_regularizer_strength': 0.01, 'model__kernel_regularizer_type': 'l2', 'model__learning_rate': 0.001, 'model__optimizer_name': 'adam'}",0.9142857142857143,0.45714285714285713,0.8857142857142857,0.7523809523809524,0.20909046095333475,65
18.223562717437744,3.71461383061384,0.12821094195048013,0.002607354667319541,64,250,0.1,0.1,0.1,l2,0.005,adam,0.01,"{'batch_size': 64, 'epochs': 250, 'model__dropout_rate1': 0.1, 'model__dropout_rate2': 0.1, 'model__dropout_rate3': 0.1, 'model__kernel_regularizer_strength': 0.01, 'model__kernel_regularizer_type': 'l2', 'model__learning_rate': 0.005, 'model__optimizer_name': 'adam'}",0.8571428571428571,0.37142857142857144,0.9285714285714286,0.7190476190476192,0.24752745558794337,73
